Eye ID,Final Label
0/TRAIN003894.JPG,0
3/TRAIN057444.JPG,1
5/TRAIN092811.JPG,1
1/TRAIN030760.JPG,1
0/TRAIN003353.JPG,1
3/TRAIN066289.JPG,1
4/TRAIN079240.JPG,0
3/TRAIN060511.JPG,0
3/TRAIN057102.JPG,1
3/TRAIN063420.JPG,0
5/TRAIN092669.JPG,1
0/TRAIN002494.JPG,1
1/TRAIN020707.JPG,1
4/TRAIN086873.JPG,1
5/TRAIN097155.JPG,0
2/TRAIN046763.JPG,1
1/TRAIN024655.JPG,0
4/TRAIN085627.JPG,1
0/TRAIN003464.JPG,0
3/TRAIN066564.JPG,1
0/TRAIN016010.JPG,0
3/TRAIN068342.JPG,1
5/TRAIN087367.JPG,1
4/TRAIN080563.JPG,0
5/TRAIN090687.JPG,0
1/TRAIN029182.JPG,0
1/TRAIN034383.JPG,1
2/TRAIN045729.JPG,0
4/TRAIN078634.JPG,0
3/TRAIN058976.JPG,0
2/TRAIN043053.JPG,1
5/TRAIN094993.JPG,0
0/TRAIN005257.JPG,1
2/TRAIN038186.JPG,0
4/TRAIN071768.JPG,0
4/TRAIN079699.JPG,0
1/TRAIN030293.JPG,0
5/TRAIN095711.JPG,0
1/TRAIN027603.JPG,0
4/TRAIN084771.JPG,1
4/TRAIN074016.JPG,0
0/TRAIN002166.JPG,0
4/TRAIN085814.JPG,1
0/TRAIN007319.JPG,1
0/TRAIN000344.JPG,1
0/TRAIN004733.JPG,1
2/TRAIN047969.JPG,0
1/TRAIN034549.JPG,1
5/TRAIN090145.JPG,1
3/TRAIN067736.JPG,1
2/TRAIN045523.JPG,1
2/TRAIN043245.JPG,1
3/TRAIN063684.JPG,0
5/TRAIN087429.JPG,0
2/TRAIN044924.JPG,0
4/TRAIN082957.JPG,0
1/TRAIN031105.JPG,0
0/TRAIN010799.JPG,0
3/TRAIN066219.JPG,1
4/TRAIN081935.JPG,1
4/TRAIN074012.JPG,0
3/TRAIN069427.JPG,0
1/TRAIN024475.JPG,1
2/TRAIN045568.JPG,1
0/TRAIN015566.JPG,1
0/TRAIN000324.JPG,0
5/TRAIN087442.JPG,1
1/TRAIN025588.JPG,0
1/TRAIN026373.JPG,0
5/TRAIN087426.JPG,1
2/TRAIN038704.JPG,1
5/TRAIN097950.JPG,1
1/TRAIN018932.JPG,1
0/TRAIN015218.JPG,1
1/TRAIN034208.JPG,1
4/TRAIN084990.JPG,1
3/TRAIN056404.JPG,1
1/TRAIN027179.JPG,1
3/TRAIN060687.JPG,1
2/TRAIN042536.JPG,0
3/TRAIN052442.JPG,0
1/TRAIN026230.JPG,0
1/TRAIN019398.JPG,0
3/TRAIN066916.JPG,0
3/TRAIN069027.JPG,1
4/TRAIN077581.JPG,1
1/TRAIN031323.JPG,0
4/TRAIN081835.JPG,0
2/TRAIN038338.JPG,0
0/TRAIN016971.JPG,0
2/TRAIN043010.JPG,0
1/TRAIN018761.JPG,0
5/TRAIN090358.JPG,0
4/TRAIN083382.JPG,1
0/TRAIN002055.JPG,1
4/TRAIN078588.JPG,0
5/TRAIN095405.JPG,1
3/TRAIN054745.JPG,1
0/TRAIN007082.JPG,0
0/TRAIN016810.JPG,0
1/TRAIN017493.JPG,1
2/TRAIN049827.JPG,0
0/TRAIN006850.JPG,0
4/TRAIN077741.JPG,0
3/TRAIN059206.JPG,0
1/TRAIN029436.JPG,1
2/TRAIN048815.JPG,1
0/TRAIN009925.JPG,1
3/TRAIN052327.JPG,0
3/TRAIN067640.JPG,1
5/TRAIN088932.JPG,0
0/TRAIN016668.JPG,0
3/TRAIN056475.JPG,1
3/TRAIN061681.JPG,1
2/TRAIN037290.JPG,0
1/TRAIN031618.JPG,0
1/TRAIN031151.JPG,0
3/TRAIN065205.JPG,1
0/TRAIN008124.JPG,1
0/TRAIN008659.JPG,1
2/TRAIN051249.JPG,1
5/TRAIN088525.JPG,1
4/TRAIN084646.JPG,1
3/TRAIN064954.JPG,1
0/TRAIN007102.JPG,0
4/TRAIN074375.JPG,1
4/TRAIN073433.JPG,1
0/TRAIN009192.JPG,1
2/TRAIN042614.JPG,1
1/TRAIN023133.JPG,0
4/TRAIN072824.JPG,1
1/TRAIN033363.JPG,0
4/TRAIN082789.JPG,0
0/TRAIN011385.JPG,0
0/TRAIN015876.JPG,0
5/TRAIN089693.JPG,1
2/TRAIN046786.JPG,1
3/TRAIN065459.JPG,0
3/TRAIN066755.JPG,1
0/TRAIN009318.JPG,0
3/TRAIN061329.JPG,0
1/TRAIN030545.JPG,0
4/TRAIN083044.JPG,1
3/TRAIN061083.JPG,1
0/TRAIN013681.JPG,0
3/TRAIN060984.JPG,1
0/TRAIN003848.JPG,1
2/TRAIN050700.JPG,1
0/TRAIN003117.JPG,1
0/TRAIN012981.JPG,1
5/TRAIN098799.JPG,0
2/TRAIN038346.JPG,0
2/TRAIN036315.JPG,1
5/TRAIN094454.JPG,1
3/TRAIN053595.JPG,0
0/TRAIN008835.JPG,1
5/TRAIN095907.JPG,1
3/TRAIN058158.JPG,1
0/TRAIN004311.JPG,0
2/TRAIN037715.JPG,1
0/TRAIN009293.JPG,1
4/TRAIN082673.JPG,1
4/TRAIN072888.JPG,1
4/TRAIN085299.JPG,0
4/TRAIN072031.JPG,0
0/TRAIN013944.JPG,1
0/TRAIN008177.JPG,0
2/TRAIN036346.JPG,0
0/TRAIN016082.JPG,1
4/TRAIN083391.JPG,0
0/TRAIN001377.JPG,0
1/TRAIN026818.JPG,1
1/TRAIN031089.JPG,0
1/TRAIN017521.JPG,1
0/TRAIN006321.JPG,0
5/TRAIN094874.JPG,0
3/TRAIN053319.JPG,0
1/TRAIN020153.JPG,0
4/TRAIN073112.JPG,0
2/TRAIN047718.JPG,1
2/TRAIN046931.JPG,0
4/TRAIN077332.JPG,1
1/TRAIN023885.JPG,0
2/TRAIN044796.JPG,1
3/TRAIN056925.JPG,1
2/TRAIN036528.JPG,1
2/TRAIN037938.JPG,1
3/TRAIN053514.JPG,1
3/TRAIN066492.JPG,0
1/TRAIN025706.JPG,0
2/TRAIN045025.JPG,0
5/TRAIN098213.JPG,1
5/TRAIN096926.JPG,1
3/TRAIN059779.JPG,1
3/TRAIN067059.JPG,0
1/TRAIN023555.JPG,0
1/TRAIN022687.JPG,0
2/TRAIN035230.JPG,0
5/TRAIN090141.JPG,0
5/TRAIN100852.JPG,0
3/TRAIN059116.JPG,0
0/TRAIN016201.JPG,1
1/TRAIN032556.JPG,1
4/TRAIN076596.JPG,1
4/TRAIN083684.JPG,1
4/TRAIN080528.JPG,0
4/TRAIN077929.JPG,1
2/TRAIN045813.JPG,1
5/TRAIN087054.JPG,1
2/TRAIN035638.JPG,0
3/TRAIN059771.JPG,1
1/TRAIN025651.JPG,1
1/TRAIN025529.JPG,0
3/TRAIN061685.JPG,0
1/TRAIN021139.JPG,0
5/TRAIN092753.JPG,0
0/TRAIN014373.JPG,0
3/TRAIN062984.JPG,0
3/TRAIN053932.JPG,1
0/TRAIN012045.JPG,0
5/TRAIN098929.JPG,1
0/TRAIN016356.JPG,1
0/TRAIN007349.JPG,1
2/TRAIN050680.JPG,0
5/TRAIN092893.JPG,1
1/TRAIN027438.JPG,0
3/TRAIN062511.JPG,0
3/TRAIN054195.JPG,1
5/TRAIN092186.JPG,0
2/TRAIN048573.JPG,1
5/TRAIN092157.JPG,1
1/TRAIN024930.JPG,1
2/TRAIN045196.JPG,1
3/TRAIN059401.JPG,0
4/TRAIN085034.JPG,0
3/TRAIN058163.JPG,1
3/TRAIN067226.JPG,0
5/TRAIN093793.JPG,1
2/TRAIN049072.JPG,1
1/TRAIN022934.JPG,1
2/TRAIN051396.JPG,1
0/TRAIN014113.JPG,0
5/TRAIN092663.JPG,0
1/TRAIN021124.JPG,1
1/TRAIN033929.JPG,0
2/TRAIN048655.JPG,0
2/TRAIN039413.JPG,1
1/TRAIN030294.JPG,0
4/TRAIN069754.JPG,1
3/TRAIN054184.JPG,1
2/TRAIN035947.JPG,0
1/TRAIN031048.JPG,0
2/TRAIN051408.JPG,1
0/TRAIN001230.JPG,1
1/TRAIN032218.JPG,1
2/TRAIN047339.JPG,1
4/TRAIN071120.JPG,1
0/TRAIN007554.JPG,1
5/TRAIN095659.JPG,0
2/TRAIN048819.JPG,0
4/TRAIN080836.JPG,1
4/TRAIN083925.JPG,1
1/TRAIN020327.JPG,0
2/TRAIN039272.JPG,1
4/TRAIN084682.JPG,1
0/TRAIN011086.JPG,1
3/TRAIN056238.JPG,0
2/TRAIN041880.JPG,1
4/TRAIN074218.JPG,1
2/TRAIN048901.JPG,1
2/TRAIN048659.JPG,0
4/TRAIN072848.JPG,1
0/TRAIN002615.JPG,0
4/TRAIN082318.JPG,1
4/TRAIN070343.JPG,1
2/TRAIN045959.JPG,0
4/TRAIN073054.JPG,0
5/TRAIN091550.JPG,1
4/TRAIN076103.JPG,0
0/TRAIN007989.JPG,1
5/TRAIN101108.JPG,0
5/TRAIN087163.JPG,1
5/TRAIN099803.JPG,0
2/TRAIN035815.JPG,1
2/TRAIN049605.JPG,1
1/TRAIN021930.JPG,1
1/TRAIN033498.JPG,1
4/TRAIN073935.JPG,0
1/TRAIN032595.JPG,1
3/TRAIN063866.JPG,1
5/TRAIN100226.JPG,1
4/TRAIN086739.JPG,0
2/TRAIN036398.JPG,1
3/TRAIN055479.JPG,0
3/TRAIN058544.JPG,1
2/TRAIN049319.JPG,0
3/TRAIN063370.JPG,0
3/TRAIN059793.JPG,0
0/TRAIN014066.JPG,1
2/TRAIN052122.JPG,0
3/TRAIN058946.JPG,0
0/TRAIN006228.JPG,1
3/TRAIN058111.JPG,1
2/TRAIN041687.JPG,1
4/TRAIN084516.JPG,0
4/TRAIN081106.JPG,1
0/TRAIN007274.JPG,1
5/TRAIN088527.JPG,0
0/TRAIN003678.JPG,1
2/TRAIN045759.JPG,1
5/TRAIN087548.JPG,1
0/TRAIN008749.JPG,0
4/TRAIN073867.JPG,0
5/TRAIN098758.JPG,1
4/TRAIN082295.JPG,1
2/TRAIN037757.JPG,0
3/TRAIN055515.JPG,0
5/TRAIN089571.JPG,0
1/TRAIN026496.JPG,0
1/TRAIN019862.JPG,0
2/TRAIN047496.JPG,1
0/TRAIN009368.JPG,0
2/TRAIN049065.JPG,0
2/TRAIN045909.JPG,1
4/TRAIN078324.JPG,1
5/TRAIN098729.JPG,1
0/TRAIN012788.JPG,0
3/TRAIN057651.JPG,1
4/TRAIN085479.JPG,0
3/TRAIN055658.JPG,0
3/TRAIN067039.JPG,0
2/TRAIN040913.JPG,1
4/TRAIN074394.JPG,1
3/TRAIN066673.JPG,0
5/TRAIN100881.JPG,1
5/TRAIN098956.JPG,0
0/TRAIN004932.JPG,0
4/TRAIN073319.JPG,0
1/TRAIN023375.JPG,0
4/TRAIN074113.JPG,0
2/TRAIN046799.JPG,0
1/TRAIN019629.JPG,0
0/TRAIN000646.JPG,1
0/TRAIN008525.JPG,1
1/TRAIN023035.JPG,1
2/TRAIN048652.JPG,0
5/TRAIN099404.JPG,0
0/TRAIN001316.JPG,0
3/TRAIN053556.JPG,1
3/TRAIN059761.JPG,1
1/TRAIN025513.JPG,0
0/TRAIN008993.JPG,0
0/TRAIN006092.JPG,1
1/TRAIN025211.JPG,0
1/TRAIN033449.JPG,0
5/TRAIN101071.JPG,0
4/TRAIN085601.JPG,0
4/TRAIN079492.JPG,0
0/TRAIN008870.JPG,0
2/TRAIN042383.JPG,1
3/TRAIN068991.JPG,0
3/TRAIN056053.JPG,0
1/TRAIN034272.JPG,1
1/TRAIN023397.JPG,1
5/TRAIN089102.JPG,1
3/TRAIN056223.JPG,0
4/TRAIN070821.JPG,1
2/TRAIN036928.JPG,1
4/TRAIN081311.JPG,0
2/TRAIN048244.JPG,0
1/TRAIN024057.JPG,1
1/TRAIN017735.JPG,1
2/TRAIN037242.JPG,0
0/TRAIN014032.JPG,0
1/TRAIN030645.JPG,1
0/TRAIN015762.JPG,0
4/TRAIN078716.JPG,1
1/TRAIN032141.JPG,1
1/TRAIN023573.JPG,1
0/TRAIN011379.JPG,0
2/TRAIN040606.JPG,0
0/TRAIN007131.JPG,0
0/TRAIN007598.JPG,0
1/TRAIN026484.JPG,1
0/TRAIN009265.JPG,0
3/TRAIN055410.JPG,1
2/TRAIN037696.JPG,1
0/TRAIN010246.JPG,0
5/TRAIN101359.JPG,1
1/TRAIN033464.JPG,1
0/TRAIN015653.JPG,0
2/TRAIN044861.JPG,0
1/TRAIN032221.JPG,0
4/TRAIN071126.JPG,1
2/TRAIN045944.JPG,1
4/TRAIN074028.JPG,0
2/TRAIN037119.JPG,0
3/TRAIN068590.JPG,0
3/TRAIN058017.JPG,1
5/TRAIN087769.JPG,1
4/TRAIN077013.JPG,0
3/TRAIN063577.JPG,0
1/TRAIN020885.JPG,0
1/TRAIN030910.JPG,0
0/TRAIN005141.JPG,0
4/TRAIN085084.JPG,1
4/TRAIN070041.JPG,0
5/TRAIN088513.JPG,1
4/TRAIN082072.JPG,0
1/TRAIN019825.JPG,0
3/TRAIN052969.JPG,1
5/TRAIN096475.JPG,1
5/TRAIN087825.JPG,0
4/TRAIN070000.JPG,0
2/TRAIN041299.JPG,0
2/TRAIN049992.JPG,0
2/TRAIN044889.JPG,1
3/TRAIN067569.JPG,1
3/TRAIN066863.JPG,1
0/TRAIN002568.JPG,1
2/TRAIN051343.JPG,1
3/TRAIN055847.JPG,0
1/TRAIN034716.JPG,1
3/TRAIN055136.JPG,0
4/TRAIN076884.JPG,0
5/TRAIN097241.JPG,0
4/TRAIN071129.JPG,0
5/TRAIN098271.JPG,1
5/TRAIN096840.JPG,0
2/TRAIN036448.JPG,0
5/TRAIN097510.JPG,0
2/TRAIN038051.JPG,1
4/TRAIN083451.JPG,0
0/TRAIN001364.JPG,0
4/TRAIN085197.JPG,0
1/TRAIN025433.JPG,0
2/TRAIN038102.JPG,1
0/TRAIN011888.JPG,1
2/TRAIN037260.JPG,1
1/TRAIN028527.JPG,0
4/TRAIN070263.JPG,1
0/TRAIN007119.JPG,1
1/TRAIN032022.JPG,1
1/TRAIN017771.JPG,0
0/TRAIN016609.JPG,1
4/TRAIN078049.JPG,1
0/TRAIN008922.JPG,0
0/TRAIN009970.JPG,1
4/TRAIN070420.JPG,0
5/TRAIN096506.JPG,0
3/TRAIN062964.JPG,0
4/TRAIN079314.JPG,1
4/TRAIN081403.JPG,0
2/TRAIN036465.JPG,0
3/TRAIN053581.JPG,1
0/TRAIN000983.JPG,1
1/TRAIN026552.JPG,0
0/TRAIN010540.JPG,0
3/TRAIN064119.JPG,0
3/TRAIN067356.JPG,1
2/TRAIN045070.JPG,0
1/TRAIN033774.JPG,1
3/TRAIN065057.JPG,1
4/TRAIN074190.JPG,1
0/TRAIN015410.JPG,0
4/TRAIN074786.JPG,0
5/TRAIN089548.JPG,1
0/TRAIN016780.JPG,1
0/TRAIN008345.JPG,1
3/TRAIN055041.JPG,0
1/TRAIN033892.JPG,0
0/TRAIN009826.JPG,0
3/TRAIN062126.JPG,1
2/TRAIN039727.JPG,0
3/TRAIN064854.JPG,1
1/TRAIN027704.JPG,1
3/TRAIN061568.JPG,1
2/TRAIN050716.JPG,0
1/TRAIN022891.JPG,1
1/TRAIN030111.JPG,0
2/TRAIN052081.JPG,0
1/TRAIN030064.JPG,0
1/TRAIN026077.JPG,0
5/TRAIN090532.JPG,0
2/TRAIN041238.JPG,1
2/TRAIN038703.JPG,0
0/TRAIN001601.JPG,0
1/TRAIN018589.JPG,0
0/TRAIN016777.JPG,0
3/TRAIN060611.JPG,0
1/TRAIN020692.JPG,0
2/TRAIN043203.JPG,0
1/TRAIN020652.JPG,0
1/TRAIN018017.JPG,1
0/TRAIN010151.JPG,0
4/TRAIN079874.JPG,0
1/TRAIN033738.JPG,1
0/TRAIN016863.JPG,1
4/TRAIN073280.JPG,0
4/TRAIN083969.JPG,0
2/TRAIN048222.JPG,0
3/TRAIN063946.JPG,1
1/TRAIN022327.JPG,0
3/TRAIN067562.JPG,0
3/TRAIN059471.JPG,0
0/TRAIN001609.JPG,1
1/TRAIN017704.JPG,1
4/TRAIN074136.JPG,0
4/TRAIN082532.JPG,0
2/TRAIN050244.JPG,1
2/TRAIN043968.JPG,1
0/TRAIN012600.JPG,0
1/TRAIN022803.JPG,0
1/TRAIN025762.JPG,1
2/TRAIN045472.JPG,1
0/TRAIN007585.JPG,0
5/TRAIN094924.JPG,1
2/TRAIN045890.JPG,1
0/TRAIN002327.JPG,0
1/TRAIN032327.JPG,0
5/TRAIN097622.JPG,0
3/TRAIN052749.JPG,0
5/TRAIN100278.JPG,0
0/TRAIN006664.JPG,1
0/TRAIN013887.JPG,1
2/TRAIN036532.JPG,0
0/TRAIN009613.JPG,1
2/TRAIN035218.JPG,0
1/TRAIN031430.JPG,0
1/TRAIN030275.JPG,0
3/TRAIN057998.JPG,1
2/TRAIN048642.JPG,1
4/TRAIN084163.JPG,0
3/TRAIN062719.JPG,0
0/TRAIN010499.JPG,0
5/TRAIN089322.JPG,0
0/TRAIN011797.JPG,0
0/TRAIN001130.JPG,0
3/TRAIN061807.JPG,1
5/TRAIN093484.JPG,1
2/TRAIN051445.JPG,1
3/TRAIN052804.JPG,0
1/TRAIN017478.JPG,1
1/TRAIN022488.JPG,0
1/TRAIN018066.JPG,1
2/TRAIN048691.JPG,0
2/TRAIN037021.JPG,1
3/TRAIN066500.JPG,0
1/TRAIN017888.JPG,1
0/TRAIN005125.JPG,1
2/TRAIN035993.JPG,1
4/TRAIN069990.JPG,1
4/TRAIN075906.JPG,0
2/TRAIN035015.JPG,1
0/TRAIN011161.JPG,1
1/TRAIN033636.JPG,1
2/TRAIN046384.JPG,1
5/TRAIN093591.JPG,1
4/TRAIN072019.JPG,1
0/TRAIN015746.JPG,1
2/TRAIN049177.JPG,0
3/TRAIN064267.JPG,1
4/TRAIN077242.JPG,1
0/TRAIN006238.JPG,1
3/TRAIN061993.JPG,1
3/TRAIN068964.JPG,1
3/TRAIN054392.JPG,1
1/TRAIN027965.JPG,0
5/TRAIN099412.JPG,1
2/TRAIN043306.JPG,1
4/TRAIN085063.JPG,0
0/TRAIN015933.JPG,1
5/TRAIN094027.JPG,1
4/TRAIN076130.JPG,1
3/TRAIN067841.JPG,0
4/TRAIN082044.JPG,1
1/TRAIN018735.JPG,0
4/TRAIN075658.JPG,1
2/TRAIN040286.JPG,1
1/TRAIN030135.JPG,1
1/TRAIN018434.JPG,1
1/TRAIN027493.JPG,0
5/TRAIN092628.JPG,0
4/TRAIN074720.JPG,0
3/TRAIN055339.JPG,0
1/TRAIN022359.JPG,1
4/TRAIN071848.JPG,1
0/TRAIN014143.JPG,0
0/TRAIN009280.JPG,1
5/TRAIN087120.JPG,1
5/TRAIN100209.JPG,1
2/TRAIN047247.JPG,0
1/TRAIN025414.JPG,0
2/TRAIN049921.JPG,0
2/TRAIN041700.JPG,1
1/TRAIN026719.JPG,1
2/TRAIN044213.JPG,1
4/TRAIN070770.JPG,0
5/TRAIN099368.JPG,0
4/TRAIN083934.JPG,1
3/TRAIN054106.JPG,1
3/TRAIN066268.JPG,0
1/TRAIN029471.JPG,1
4/TRAIN082095.JPG,1
2/TRAIN037005.JPG,1
3/TRAIN054328.JPG,1
0/TRAIN009321.JPG,0
1/TRAIN030276.JPG,1
0/TRAIN014447.JPG,1
5/TRAIN088073.JPG,0
2/TRAIN043461.JPG,1
2/TRAIN048803.JPG,1
0/TRAIN016299.JPG,0
1/TRAIN020896.JPG,0
0/TRAIN006872.JPG,0
0/TRAIN011020.JPG,1
0/TRAIN008423.JPG,1
5/TRAIN101316.JPG,1
4/TRAIN072884.JPG,1
3/TRAIN060895.JPG,0
0/TRAIN010199.JPG,1
5/TRAIN089700.JPG,0
5/TRAIN096766.JPG,0
0/TRAIN014854.JPG,0
1/TRAIN026346.JPG,0
0/TRAIN012117.JPG,0
5/TRAIN093787.JPG,0
2/TRAIN039610.JPG,1
2/TRAIN038081.JPG,0
1/TRAIN022719.JPG,0
1/TRAIN029785.JPG,1
2/TRAIN043979.JPG,0
0/TRAIN000100.JPG,1
3/TRAIN065207.JPG,1
5/TRAIN099940.JPG,0
3/TRAIN052907.JPG,0
1/TRAIN025148.JPG,0
1/TRAIN020862.JPG,1
5/TRAIN099184.JPG,1
3/TRAIN054577.JPG,1
4/TRAIN074039.JPG,1
5/TRAIN098823.JPG,0
0/TRAIN009207.JPG,1
3/TRAIN069282.JPG,1
2/TRAIN048633.JPG,1
4/TRAIN078425.JPG,1
3/TRAIN062530.JPG,0
5/TRAIN087478.JPG,0
5/TRAIN092450.JPG,0
0/TRAIN003126.JPG,0
0/TRAIN008005.JPG,1
4/TRAIN084981.JPG,1
3/TRAIN063608.JPG,0
5/TRAIN090808.JPG,0
4/TRAIN081193.JPG,1
4/TRAIN074308.JPG,0
5/TRAIN094078.JPG,1
0/TRAIN006562.JPG,1
3/TRAIN059449.JPG,1
0/TRAIN003425.JPG,0
0/TRAIN014968.JPG,1
1/TRAIN032144.JPG,0
4/TRAIN075113.JPG,0
3/TRAIN061492.JPG,1
3/TRAIN055465.JPG,1
1/TRAIN017904.JPG,1
2/TRAIN049697.JPG,1
2/TRAIN035656.JPG,0
1/TRAIN027747.JPG,0
1/TRAIN030571.JPG,0
3/TRAIN063968.JPG,1
4/TRAIN073208.JPG,0
1/TRAIN026646.JPG,1
0/TRAIN009680.JPG,0
5/TRAIN098637.JPG,1
1/TRAIN031822.JPG,0
4/TRAIN083566.JPG,1
5/TRAIN087800.JPG,0
3/TRAIN058404.JPG,1
1/TRAIN034448.JPG,0
0/TRAIN003889.JPG,0
0/TRAIN012220.JPG,0
4/TRAIN086807.JPG,0
1/TRAIN021287.JPG,0
3/TRAIN055277.JPG,0
3/TRAIN064319.JPG,0
5/TRAIN094908.JPG,1
3/TRAIN063257.JPG,1
3/TRAIN066134.JPG,1
2/TRAIN035609.JPG,0
5/TRAIN096872.JPG,0
0/TRAIN000744.JPG,1
0/TRAIN011295.JPG,1
1/TRAIN021374.JPG,0
1/TRAIN020546.JPG,1
2/TRAIN035232.JPG,1
3/TRAIN053522.JPG,1
5/TRAIN097202.JPG,0
4/TRAIN072523.JPG,1
1/TRAIN018164.JPG,0
3/TRAIN067015.JPG,0
4/TRAIN073173.JPG,0
5/TRAIN098837.JPG,1
2/TRAIN041133.JPG,0
2/TRAIN044204.JPG,0
5/TRAIN093395.JPG,0
2/TRAIN038205.JPG,0
3/TRAIN064885.JPG,0
3/TRAIN064971.JPG,0
3/TRAIN056595.JPG,1
3/TRAIN054163.JPG,1
0/TRAIN016788.JPG,1
3/TRAIN055407.JPG,1
5/TRAIN099972.JPG,1
1/TRAIN024772.JPG,0
1/TRAIN020995.JPG,1
0/TRAIN005716.JPG,0
1/TRAIN027748.JPG,0
1/TRAIN023647.JPG,0
2/TRAIN037431.JPG,0
0/TRAIN009002.JPG,0
1/TRAIN021614.JPG,1
4/TRAIN084283.JPG,1
0/TRAIN014216.JPG,0
1/TRAIN017712.JPG,1
4/TRAIN073068.JPG,1
2/TRAIN047253.JPG,0
3/TRAIN057092.JPG,0
4/TRAIN080641.JPG,1
0/TRAIN001520.JPG,0
3/TRAIN053090.JPG,0
0/TRAIN000442.JPG,0
2/TRAIN038824.JPG,0
1/TRAIN024300.JPG,1
4/TRAIN073474.JPG,0
1/TRAIN021510.JPG,1
1/TRAIN022922.JPG,1
1/TRAIN030881.JPG,0
4/TRAIN078175.JPG,1
3/TRAIN061767.JPG,0
5/TRAIN098332.JPG,1
4/TRAIN074174.JPG,1
1/TRAIN019667.JPG,0
2/TRAIN048563.JPG,1
2/TRAIN044192.JPG,0
4/TRAIN082115.JPG,1
3/TRAIN066969.JPG,0
4/TRAIN080765.JPG,1
2/TRAIN044699.JPG,1
3/TRAIN069264.JPG,1
5/TRAIN090301.JPG,0
5/TRAIN095767.JPG,1
3/TRAIN056845.JPG,0
5/TRAIN097149.JPG,0
1/TRAIN018617.JPG,1
0/TRAIN013539.JPG,0
5/TRAIN087460.JPG,1
4/TRAIN076584.JPG,0
3/TRAIN064587.JPG,1
0/TRAIN000946.JPG,0
4/TRAIN072611.JPG,1
1/TRAIN020256.JPG,0
1/TRAIN031029.JPG,0
5/TRAIN098867.JPG,1
4/TRAIN073248.JPG,0
4/TRAIN071311.JPG,1
4/TRAIN082000.JPG,1
1/TRAIN020138.JPG,1
3/TRAIN055306.JPG,0
2/TRAIN049770.JPG,0
2/TRAIN039305.JPG,0
0/TRAIN010525.JPG,1
2/TRAIN045928.JPG,0
0/TRAIN013960.JPG,0
2/TRAIN041673.JPG,1
3/TRAIN063416.JPG,1
5/TRAIN094926.JPG,0
4/TRAIN078998.JPG,1
1/TRAIN029017.JPG,0
5/TRAIN088694.JPG,0
4/TRAIN080460.JPG,1
0/TRAIN008201.JPG,1
1/TRAIN019372.JPG,1
4/TRAIN079118.JPG,0
0/TRAIN007174.JPG,0
4/TRAIN084838.JPG,1
5/TRAIN094525.JPG,0
5/TRAIN089667.JPG,0
2/TRAIN049845.JPG,0
3/TRAIN055263.JPG,0
0/TRAIN013428.JPG,0
3/TRAIN066627.JPG,0
1/TRAIN020235.JPG,1
3/TRAIN057255.JPG,1
0/TRAIN016405.JPG,0
4/TRAIN082081.JPG,1
2/TRAIN039992.JPG,0
5/TRAIN096304.JPG,1
1/TRAIN032055.JPG,0
0/TRAIN011827.JPG,1
0/TRAIN012724.JPG,1
1/TRAIN023841.JPG,1
5/TRAIN097433.JPG,0
0/TRAIN013990.JPG,0
2/TRAIN051269.JPG,1
5/TRAIN089331.JPG,0
5/TRAIN096548.JPG,1
3/TRAIN066304.JPG,0
4/TRAIN072203.JPG,1
2/TRAIN043102.JPG,0
1/TRAIN027500.JPG,1
0/TRAIN002336.JPG,1
1/TRAIN033667.JPG,1
2/TRAIN036676.JPG,0
5/TRAIN094404.JPG,0
4/TRAIN071519.JPG,0
4/TRAIN086531.JPG,1
3/TRAIN067505.JPG,0
4/TRAIN082712.JPG,1
4/TRAIN075887.JPG,0
1/TRAIN034259.JPG,1
0/TRAIN000567.JPG,0
5/TRAIN090636.JPG,1
1/TRAIN023630.JPG,1
3/TRAIN063641.JPG,0
4/TRAIN077461.JPG,0
1/TRAIN017606.JPG,0
1/TRAIN020064.JPG,0
3/TRAIN055705.JPG,0
1/TRAIN021751.JPG,0
4/TRAIN074965.JPG,0
1/TRAIN021749.JPG,0
2/TRAIN050331.JPG,1
4/TRAIN075917.JPG,1
3/TRAIN053340.JPG,0
3/TRAIN060123.JPG,1
0/TRAIN012867.JPG,1
1/TRAIN018845.JPG,0
4/TRAIN073384.JPG,1
3/TRAIN058279.JPG,0
4/TRAIN076057.JPG,1
4/TRAIN073989.JPG,0
5/TRAIN089209.JPG,1
0/TRAIN005718.JPG,1
1/TRAIN031966.JPG,1
2/TRAIN044083.JPG,1
5/TRAIN096843.JPG,1
2/TRAIN041912.JPG,1
4/TRAIN077967.JPG,0
3/TRAIN060936.JPG,0
2/TRAIN039435.JPG,0
1/TRAIN025613.JPG,0
4/TRAIN083269.JPG,1
4/TRAIN081756.JPG,0
1/TRAIN033843.JPG,0
2/TRAIN044482.JPG,0
0/TRAIN002110.JPG,1
0/TRAIN012483.JPG,1
5/TRAIN095379.JPG,0
4/TRAIN070357.JPG,1
2/TRAIN036607.JPG,1
3/TRAIN059680.JPG,0
4/TRAIN079395.JPG,1
0/TRAIN005366.JPG,1
1/TRAIN031123.JPG,1
4/TRAIN079007.JPG,1
3/TRAIN068073.JPG,0
0/TRAIN014563.JPG,1
1/TRAIN023434.JPG,1
1/TRAIN031013.JPG,1
3/TRAIN068148.JPG,0
0/TRAIN005829.JPG,0
1/TRAIN032002.JPG,1
1/TRAIN018544.JPG,0
4/TRAIN071209.JPG,0
2/TRAIN042780.JPG,1
0/TRAIN009120.JPG,1
2/TRAIN044237.JPG,0
1/TRAIN029003.JPG,0
4/TRAIN073187.JPG,0
0/TRAIN006677.JPG,0
4/TRAIN071722.JPG,0
0/TRAIN010093.JPG,0
2/TRAIN047844.JPG,0
2/TRAIN038248.JPG,0
4/TRAIN080326.JPG,1
1/TRAIN019036.JPG,1
3/TRAIN067307.JPG,0
1/TRAIN034190.JPG,0
1/TRAIN028596.JPG,1
0/TRAIN013317.JPG,0
4/TRAIN074581.JPG,1
1/TRAIN034382.JPG,0
2/TRAIN051422.JPG,1
4/TRAIN086605.JPG,1
0/TRAIN002886.JPG,0
0/TRAIN002074.JPG,0
3/TRAIN053129.JPG,0
1/TRAIN027031.JPG,1
3/TRAIN063634.JPG,1
1/TRAIN031065.JPG,0
2/TRAIN051298.JPG,0
1/TRAIN029894.JPG,0
2/TRAIN052132.JPG,0
4/TRAIN072040.JPG,1
4/TRAIN085573.JPG,1
4/TRAIN070517.JPG,0
3/TRAIN063936.JPG,1
1/TRAIN034669.JPG,1
2/TRAIN043113.JPG,0
0/TRAIN007537.JPG,0
2/TRAIN046692.JPG,1
5/TRAIN088398.JPG,0
4/TRAIN070015.JPG,1
2/TRAIN049030.JPG,0
3/TRAIN054391.JPG,0
5/TRAIN089474.JPG,0
4/TRAIN073189.JPG,1
1/TRAIN032931.JPG,1
1/TRAIN017458.JPG,1
4/TRAIN086765.JPG,1
1/TRAIN030219.JPG,1
2/TRAIN052043.JPG,0
0/TRAIN011109.JPG,0
4/TRAIN075052.JPG,1
3/TRAIN052350.JPG,0
3/TRAIN052898.JPG,1
4/TRAIN084931.JPG,0
1/TRAIN025288.JPG,1
2/TRAIN041714.JPG,1
3/TRAIN065993.JPG,0
1/TRAIN033307.JPG,0
3/TRAIN061717.JPG,1
2/TRAIN047359.JPG,0
1/TRAIN018831.JPG,0
4/TRAIN076049.JPG,1
0/TRAIN004127.JPG,1
3/TRAIN067067.JPG,0
4/TRAIN086782.JPG,1
5/TRAIN097941.JPG,0
4/TRAIN074347.JPG,0
1/TRAIN021669.JPG,1
1/TRAIN028865.JPG,0
4/TRAIN082674.JPG,1
3/TRAIN063708.JPG,0
4/TRAIN077591.JPG,1
2/TRAIN036601.JPG,0
2/TRAIN044970.JPG,1
0/TRAIN007075.JPG,0
0/TRAIN013574.JPG,1
5/TRAIN101238.JPG,0
3/TRAIN056451.JPG,0
4/TRAIN083922.JPG,0
4/TRAIN079293.JPG,0
0/TRAIN017003.JPG,0
1/TRAIN019627.JPG,0
4/TRAIN086860.JPG,0
4/TRAIN086913.JPG,1
1/TRAIN030328.JPG,1
3/TRAIN064624.JPG,1
3/TRAIN062212.JPG,1
1/TRAIN024856.JPG,1
1/TRAIN018889.JPG,0
1/TRAIN027905.JPG,0
0/TRAIN010077.JPG,1
1/TRAIN028247.JPG,1
1/TRAIN022316.JPG,1
1/TRAIN023402.JPG,1
4/TRAIN072992.JPG,0
3/TRAIN066048.JPG,1
1/TRAIN032804.JPG,1
1/TRAIN028015.JPG,0
3/TRAIN069227.JPG,0
0/TRAIN008694.JPG,1
1/TRAIN027434.JPG,1
3/TRAIN057735.JPG,1
0/TRAIN003489.JPG,1
4/TRAIN085523.JPG,1
3/TRAIN058871.JPG,0
0/TRAIN006769.JPG,0
0/TRAIN007454.JPG,1
1/TRAIN027105.JPG,0
0/TRAIN013520.JPG,1
2/TRAIN050542.JPG,1
0/TRAIN015934.JPG,1
0/TRAIN010582.JPG,1
3/TRAIN066355.JPG,0
4/TRAIN073446.JPG,0
1/TRAIN030697.JPG,0
2/TRAIN049979.JPG,0
2/TRAIN039258.JPG,1
0/TRAIN014865.JPG,1
4/TRAIN085634.JPG,1
2/TRAIN035919.JPG,1
3/TRAIN063187.JPG,0
3/TRAIN053749.JPG,0
4/TRAIN082825.JPG,0
4/TRAIN075458.JPG,1
1/TRAIN021282.JPG,0
0/TRAIN016861.JPG,1
2/TRAIN041657.JPG,0
5/TRAIN094810.JPG,0
2/TRAIN042786.JPG,1
2/TRAIN049112.JPG,0
2/TRAIN051810.JPG,1
3/TRAIN060966.JPG,0
3/TRAIN061032.JPG,0
0/TRAIN014731.JPG,1
5/TRAIN101369.JPG,1
1/TRAIN033474.JPG,0
2/TRAIN038781.JPG,0
1/TRAIN020535.JPG,1
3/TRAIN067024.JPG,1
5/TRAIN096645.JPG,0
1/TRAIN033759.JPG,1
1/TRAIN020518.JPG,0
2/TRAIN035186.JPG,1
0/TRAIN000140.JPG,1
1/TRAIN031494.JPG,1
5/TRAIN087671.JPG,0
2/TRAIN049453.JPG,1
4/TRAIN074925.JPG,0
4/TRAIN072101.JPG,0
3/TRAIN061259.JPG,1
0/TRAIN008388.JPG,1
0/TRAIN003001.JPG,0
0/TRAIN004891.JPG,0
3/TRAIN064808.JPG,1
1/TRAIN024309.JPG,0
5/TRAIN092448.JPG,1
0/TRAIN008436.JPG,0
5/TRAIN091131.JPG,1
5/TRAIN090575.JPG,1
1/TRAIN021677.JPG,0
2/TRAIN042513.JPG,1
0/TRAIN006741.JPG,0
0/TRAIN017395.JPG,1
2/TRAIN047686.JPG,0
1/TRAIN028190.JPG,1
2/TRAIN049638.JPG,1
3/TRAIN065013.JPG,1
1/TRAIN027083.JPG,0
3/TRAIN065050.JPG,0
1/TRAIN031860.JPG,1
0/TRAIN004850.JPG,0
1/TRAIN023109.JPG,0
0/TRAIN015930.JPG,1
0/TRAIN006074.JPG,1
4/TRAIN074342.JPG,1
1/TRAIN031309.JPG,0
4/TRAIN083558.JPG,0
3/TRAIN056257.JPG,1
4/TRAIN075206.JPG,0
2/TRAIN048750.JPG,0
3/TRAIN055865.JPG,1
1/TRAIN017929.JPG,1
4/TRAIN075056.JPG,0
2/TRAIN051357.JPG,1
2/TRAIN040492.JPG,0
3/TRAIN055031.JPG,0
0/TRAIN001968.JPG,0
2/TRAIN042715.JPG,0
4/TRAIN080729.JPG,1
2/TRAIN036008.JPG,1
4/TRAIN077231.JPG,1
3/TRAIN063523.JPG,0
5/TRAIN092934.JPG,0
0/TRAIN010145.JPG,0
2/TRAIN042772.JPG,0
3/TRAIN060463.JPG,0
5/TRAIN088735.JPG,1
2/TRAIN036244.JPG,1
3/TRAIN053298.JPG,1
4/TRAIN085415.JPG,0
5/TRAIN096757.JPG,0
5/TRAIN095373.JPG,0
1/TRAIN018887.JPG,1
0/TRAIN007152.JPG,1
2/TRAIN039080.JPG,1
4/TRAIN077177.JPG,1
4/TRAIN085264.JPG,1
1/TRAIN017449.JPG,1
1/TRAIN025013.JPG,0
5/TRAIN088252.JPG,0
0/TRAIN000672.JPG,0
5/TRAIN088950.JPG,0
3/TRAIN068688.JPG,0
4/TRAIN086917.JPG,0
3/TRAIN065552.JPG,1
4/TRAIN074363.JPG,0
1/TRAIN023601.JPG,1
0/TRAIN014659.JPG,1
1/TRAIN022144.JPG,1
1/TRAIN018985.JPG,1
5/TRAIN097080.JPG,0
1/TRAIN023919.JPG,1
0/TRAIN001919.JPG,0
1/TRAIN031483.JPG,1
0/TRAIN014027.JPG,0
1/TRAIN027272.JPG,0
1/TRAIN029854.JPG,1
4/TRAIN073709.JPG,1
2/TRAIN035176.JPG,1
1/TRAIN019732.JPG,0
0/TRAIN013084.JPG,1
2/TRAIN049449.JPG,1
2/TRAIN049975.JPG,0
4/TRAIN073921.JPG,1
4/TRAIN083476.JPG,0
1/TRAIN024555.JPG,0
0/TRAIN006468.JPG,0
4/TRAIN074979.JPG,1
2/TRAIN037404.JPG,1
2/TRAIN046240.JPG,1
5/TRAIN097949.JPG,1
2/TRAIN040372.JPG,0
4/TRAIN071773.JPG,1
0/TRAIN002318.JPG,1
1/TRAIN018324.JPG,1
5/TRAIN090160.JPG,0
1/TRAIN030667.JPG,1
4/TRAIN083267.JPG,0
0/TRAIN005812.JPG,1
5/TRAIN099509.JPG,1
5/TRAIN087908.JPG,0
5/TRAIN091609.JPG,0
0/TRAIN016174.JPG,0
0/TRAIN003393.JPG,1
5/TRAIN088613.JPG,0
4/TRAIN081419.JPG,1
1/TRAIN025018.JPG,0
1/TRAIN022813.JPG,0
3/TRAIN052659.JPG,1
3/TRAIN061682.JPG,1
5/TRAIN089243.JPG,1
0/TRAIN009298.JPG,0
1/TRAIN030487.JPG,1
3/TRAIN055425.JPG,0
0/TRAIN015369.JPG,0
2/TRAIN043917.JPG,1
3/TRAIN052980.JPG,1
1/TRAIN018134.JPG,1
3/TRAIN058260.JPG,1
3/TRAIN061756.JPG,0
0/TRAIN014249.JPG,0
5/TRAIN087303.JPG,0
0/TRAIN001815.JPG,0
3/TRAIN057132.JPG,0
4/TRAIN075901.JPG,0
2/TRAIN042132.JPG,1
2/TRAIN045682.JPG,0
0/TRAIN001168.JPG,0
0/TRAIN010995.JPG,1
0/TRAIN011589.JPG,1
2/TRAIN037199.JPG,1
2/TRAIN040179.JPG,1
1/TRAIN024842.JPG,0
4/TRAIN071026.JPG,1
0/TRAIN005767.JPG,0
4/TRAIN080012.JPG,1
4/TRAIN071436.JPG,1
0/TRAIN007113.JPG,1
4/TRAIN087029.JPG,1
0/TRAIN007680.JPG,0
4/TRAIN080027.JPG,0
2/TRAIN046300.JPG,1
4/TRAIN078373.JPG,0
4/TRAIN073927.JPG,0
0/TRAIN016673.JPG,0
5/TRAIN097169.JPG,0
4/TRAIN079557.JPG,1
3/TRAIN055256.JPG,0
2/TRAIN038117.JPG,1
3/TRAIN063375.JPG,0
4/TRAIN086367.JPG,1
1/TRAIN032065.JPG,1
5/TRAIN097147.JPG,0
0/TRAIN000689.JPG,0
1/TRAIN027631.JPG,0
3/TRAIN052930.JPG,0
2/TRAIN038188.JPG,1
1/TRAIN023475.JPG,1
4/TRAIN083498.JPG,0
1/TRAIN021488.JPG,1
0/TRAIN004094.JPG,1
0/TRAIN008753.JPG,1
5/TRAIN092191.JPG,1
0/TRAIN011819.JPG,1
1/TRAIN018709.JPG,1
3/TRAIN064175.JPG,0
2/TRAIN038963.JPG,1
3/TRAIN063142.JPG,0
3/TRAIN069381.JPG,1
1/TRAIN029205.JPG,1
4/TRAIN085449.JPG,0
1/TRAIN025311.JPG,0
5/TRAIN087425.JPG,0
3/TRAIN058051.JPG,0
2/TRAIN038165.JPG,0
5/TRAIN090329.JPG,1
1/TRAIN019493.JPG,1
1/TRAIN027626.JPG,1
2/TRAIN040552.JPG,0
2/TRAIN045222.JPG,0
5/TRAIN099105.JPG,1
1/TRAIN020042.JPG,0
0/TRAIN010637.JPG,0
5/TRAIN090207.JPG,1
3/TRAIN056399.JPG,0
2/TRAIN039916.JPG,0
4/TRAIN076439.JPG,0
3/TRAIN061878.JPG,0
1/TRAIN018518.JPG,1
4/TRAIN085777.JPG,1
1/TRAIN020062.JPG,1
2/TRAIN050238.JPG,1
4/TRAIN084784.JPG,1
1/TRAIN023733.JPG,1
4/TRAIN078656.JPG,1
3/TRAIN060444.JPG,1
4/TRAIN079405.JPG,1
5/TRAIN087590.JPG,1
1/TRAIN033695.JPG,1
3/TRAIN067001.JPG,0
4/TRAIN078715.JPG,1
0/TRAIN003061.JPG,1
3/TRAIN063890.JPG,1
4/TRAIN079254.JPG,1
3/TRAIN062301.JPG,0
1/TRAIN024143.JPG,0
0/TRAIN003743.JPG,0
4/TRAIN076055.JPG,0
0/TRAIN001800.JPG,1
2/TRAIN042315.JPG,0
4/TRAIN080535.JPG,1
3/TRAIN060356.JPG,0
1/TRAIN027067.JPG,0
1/TRAIN024352.JPG,0
4/TRAIN084768.JPG,0
0/TRAIN013515.JPG,0
2/TRAIN052070.JPG,1
1/TRAIN018055.JPG,0
4/TRAIN077671.JPG,0
1/TRAIN028841.JPG,1
3/TRAIN055070.JPG,1
3/TRAIN061738.JPG,1
0/TRAIN001638.JPG,1
3/TRAIN053016.JPG,0
2/TRAIN036739.JPG,0
2/TRAIN050743.JPG,0
2/TRAIN051349.JPG,1
1/TRAIN034104.JPG,0
3/TRAIN059290.JPG,0
5/TRAIN101394.JPG,0
1/TRAIN025955.JPG,1
4/TRAIN075364.JPG,0
3/TRAIN058448.JPG,1
2/TRAIN045867.JPG,1
2/TRAIN042338.JPG,0
0/TRAIN006957.JPG,0
0/TRAIN007830.JPG,0
0/TRAIN009256.JPG,0
1/TRAIN032651.JPG,0
1/TRAIN034434.JPG,1
4/TRAIN083111.JPG,0
0/TRAIN004936.JPG,0
3/TRAIN065618.JPG,0
2/TRAIN042006.JPG,1
1/TRAIN022189.JPG,0
2/TRAIN051488.JPG,1
1/TRAIN031199.JPG,1
1/TRAIN020739.JPG,0
2/TRAIN039155.JPG,1
5/TRAIN087412.JPG,0
5/TRAIN088115.JPG,1
5/TRAIN089433.JPG,1
0/TRAIN007057.JPG,0
2/TRAIN047245.JPG,0
0/TRAIN005094.JPG,0
2/TRAIN042656.JPG,0
1/TRAIN022527.JPG,0
4/TRAIN081095.JPG,1
0/TRAIN000127.JPG,1
2/TRAIN049028.JPG,0
1/TRAIN032587.JPG,0
3/TRAIN066095.JPG,1
1/TRAIN031929.JPG,1
5/TRAIN094765.JPG,0
2/TRAIN036736.JPG,1
1/TRAIN023745.JPG,1
5/TRAIN100465.JPG,0
4/TRAIN081312.JPG,0
3/TRAIN065584.JPG,1
3/TRAIN066715.JPG,1
1/TRAIN024813.JPG,0
0/TRAIN013463.JPG,0
3/TRAIN052406.JPG,0
3/TRAIN058516.JPG,0
0/TRAIN009392.JPG,0
5/TRAIN089560.JPG,1
5/TRAIN088449.JPG,1
5/TRAIN091592.JPG,0
0/TRAIN017078.JPG,0
1/TRAIN030957.JPG,1
0/TRAIN002709.JPG,1
3/TRAIN057936.JPG,0
0/TRAIN004086.JPG,1
2/TRAIN042050.JPG,0
1/TRAIN025312.JPG,0
1/TRAIN017480.JPG,1
1/TRAIN031290.JPG,1
4/TRAIN076879.JPG,1
1/TRAIN033976.JPG,1
1/TRAIN021563.JPG,1
4/TRAIN077900.JPG,1
4/TRAIN085127.JPG,0
2/TRAIN044760.JPG,1
3/TRAIN068235.JPG,1
2/TRAIN036479.JPG,1
2/TRAIN046293.JPG,1
0/TRAIN012930.JPG,0
3/TRAIN063168.JPG,0
1/TRAIN027146.JPG,1
3/TRAIN057571.JPG,1
0/TRAIN007200.JPG,0
1/TRAIN030349.JPG,1
5/TRAIN097658.JPG,1
0/TRAIN000525.JPG,0
0/TRAIN007510.JPG,0
4/TRAIN073025.JPG,0
2/TRAIN051621.JPG,1
0/TRAIN011566.JPG,1
2/TRAIN047553.JPG,1
2/TRAIN043149.JPG,1
1/TRAIN024423.JPG,0
5/TRAIN094337.JPG,0
3/TRAIN067791.JPG,0
2/TRAIN038482.JPG,0
0/TRAIN014863.JPG,1
3/TRAIN066905.JPG,1
2/TRAIN040986.JPG,0
4/TRAIN086769.JPG,0
0/TRAIN000871.JPG,0
1/TRAIN023117.JPG,1
4/TRAIN071263.JPG,0
3/TRAIN054515.JPG,1
1/TRAIN023493.JPG,0
0/TRAIN005599.JPG,0
0/TRAIN012290.JPG,0
2/TRAIN035950.JPG,1
5/TRAIN099235.JPG,1
2/TRAIN049717.JPG,0
4/TRAIN083731.JPG,1
1/TRAIN034018.JPG,0
2/TRAIN048089.JPG,0
1/TRAIN029226.JPG,0
4/TRAIN071827.JPG,0
5/TRAIN094706.JPG,0
4/TRAIN072386.JPG,0
5/TRAIN098088.JPG,0
0/TRAIN001415.JPG,1
3/TRAIN061520.JPG,1
2/TRAIN037879.JPG,0
5/TRAIN094060.JPG,0
1/TRAIN017547.JPG,1
4/TRAIN079863.JPG,0
4/TRAIN075733.JPG,1
1/TRAIN028069.JPG,1
4/TRAIN081954.JPG,1
2/TRAIN043558.JPG,1
3/TRAIN052533.JPG,0
2/TRAIN043709.JPG,0
1/TRAIN028453.JPG,1
1/TRAIN020404.JPG,1
3/TRAIN057373.JPG,0
0/TRAIN016997.JPG,1
2/TRAIN046623.JPG,0
2/TRAIN047222.JPG,1
0/TRAIN013662.JPG,0
3/TRAIN058109.JPG,0
4/TRAIN071779.JPG,0
1/TRAIN030105.JPG,0
0/TRAIN010627.JPG,1
1/TRAIN028964.JPG,1
4/TRAIN081683.JPG,0
3/TRAIN068941.JPG,1
0/TRAIN012613.JPG,1
5/TRAIN097808.JPG,0
3/TRAIN061629.JPG,0
2/TRAIN046338.JPG,1
3/TRAIN067192.JPG,0
1/TRAIN031647.JPG,0
2/TRAIN038647.JPG,0
5/TRAIN089421.JPG,1
0/TRAIN006835.JPG,0
0/TRAIN002895.JPG,1
1/TRAIN024000.JPG,0
2/TRAIN045169.JPG,1
2/TRAIN048684.JPG,1
5/TRAIN093429.JPG,1
5/TRAIN099423.JPG,0
2/TRAIN046054.JPG,0
2/TRAIN035723.JPG,0
4/TRAIN083132.JPG,1
0/TRAIN013467.JPG,1
1/TRAIN022156.JPG,1
5/TRAIN097223.JPG,0
4/TRAIN083429.JPG,0
1/TRAIN026939.JPG,0
2/TRAIN048065.JPG,1
1/TRAIN031274.JPG,1
1/TRAIN018038.JPG,0
1/TRAIN032128.JPG,1
5/TRAIN100906.JPG,1
3/TRAIN063603.JPG,0
2/TRAIN049254.JPG,1
2/TRAIN035003.JPG,0
3/TRAIN055612.JPG,0
0/TRAIN005880.JPG,0
0/TRAIN003657.JPG,0
2/TRAIN047937.JPG,0
2/TRAIN046087.JPG,0
0/TRAIN007936.JPG,0
0/TRAIN017191.JPG,1
4/TRAIN086059.JPG,1
2/TRAIN048660.JPG,1
4/TRAIN079613.JPG,1
0/TRAIN005553.JPG,0
5/TRAIN091272.JPG,0
2/TRAIN046169.JPG,1
2/TRAIN051324.JPG,1
5/TRAIN095150.JPG,1
1/TRAIN021936.JPG,0
2/TRAIN045641.JPG,1
2/TRAIN045661.JPG,1
1/TRAIN018766.JPG,0
1/TRAIN021853.JPG,0
5/TRAIN093724.JPG,0
2/TRAIN038616.JPG,0
3/TRAIN061595.JPG,0
1/TRAIN034258.JPG,1
2/TRAIN043186.JPG,1
3/TRAIN068526.JPG,0
5/TRAIN095766.JPG,0
4/TRAIN072538.JPG,0
3/TRAIN060313.JPG,1
2/TRAIN044871.JPG,1
5/TRAIN100712.JPG,1
5/TRAIN091639.JPG,0
1/TRAIN030174.JPG,0
4/TRAIN072474.JPG,0
0/TRAIN004884.JPG,1
3/TRAIN066646.JPG,1
2/TRAIN050490.JPG,0
2/TRAIN046648.JPG,0
4/TRAIN075677.JPG,1
2/TRAIN044342.JPG,0
3/TRAIN053091.JPG,0
4/TRAIN082239.JPG,0
4/TRAIN075925.JPG,0
5/TRAIN101018.JPG,1
5/TRAIN091806.JPG,1
1/TRAIN034719.JPG,0
3/TRAIN053253.JPG,0
1/TRAIN030830.JPG,1
2/TRAIN038413.JPG,0
0/TRAIN006532.JPG,0
1/TRAIN024631.JPG,0
3/TRAIN065511.JPG,0
3/TRAIN055528.JPG,0
5/TRAIN094458.JPG,0
5/TRAIN098339.JPG,0
2/TRAIN045580.JPG,1
1/TRAIN020265.JPG,0
1/TRAIN032937.JPG,1
2/TRAIN044321.JPG,0
4/TRAIN071098.JPG,1
4/TRAIN082451.JPG,0
2/TRAIN051346.JPG,1
4/TRAIN074560.JPG,0
1/TRAIN025328.JPG,1
3/TRAIN060384.JPG,1
2/TRAIN041849.JPG,1
5/TRAIN089598.JPG,0
4/TRAIN086262.JPG,1
2/TRAIN038438.JPG,1
2/TRAIN037167.JPG,1
0/TRAIN001147.JPG,1
0/TRAIN012095.JPG,0
1/TRAIN025703.JPG,0
2/TRAIN050527.JPG,1
4/TRAIN076556.JPG,0
0/TRAIN004946.JPG,1
0/TRAIN015513.JPG,1
1/TRAIN030639.JPG,1
0/TRAIN017293.JPG,0
0/TRAIN003118.JPG,0
4/TRAIN074220.JPG,1
2/TRAIN042123.JPG,0
2/TRAIN035578.JPG,0
2/TRAIN038913.JPG,0
5/TRAIN095801.JPG,1
4/TRAIN072893.JPG,0
1/TRAIN025263.JPG,1
3/TRAIN055455.JPG,1
4/TRAIN080700.JPG,1
4/TRAIN081817.JPG,1
5/TRAIN101267.JPG,1
0/TRAIN011853.JPG,1
3/TRAIN066743.JPG,0
0/TRAIN016827.JPG,0
0/TRAIN016627.JPG,1
0/TRAIN000241.JPG,0
3/TRAIN065051.JPG,0
1/TRAIN019060.JPG,0
2/TRAIN052059.JPG,0
1/TRAIN017926.JPG,1
4/TRAIN083152.JPG,1
4/TRAIN081558.JPG,0
3/TRAIN054824.JPG,1
2/TRAIN043177.JPG,0
0/TRAIN000106.JPG,1
4/TRAIN074038.JPG,1
0/TRAIN007690.JPG,1
3/TRAIN068879.JPG,0
0/TRAIN008379.JPG,0
4/TRAIN081128.JPG,0
5/TRAIN093156.JPG,1
3/TRAIN069185.JPG,1
3/TRAIN052838.JPG,1
2/TRAIN040791.JPG,0
0/TRAIN007751.JPG,1
5/TRAIN094791.JPG,0
1/TRAIN022605.JPG,0
0/TRAIN003669.JPG,1
2/TRAIN050683.JPG,0
2/TRAIN049147.JPG,1
0/TRAIN008960.JPG,0
1/TRAIN024976.JPG,1
2/TRAIN044412.JPG,0
2/TRAIN044373.JPG,0
4/TRAIN072641.JPG,1
3/TRAIN068734.JPG,1
1/TRAIN028669.JPG,1
0/TRAIN001028.JPG,1
5/TRAIN095688.JPG,1
0/TRAIN000392.JPG,1
2/TRAIN039702.JPG,0
4/TRAIN075212.JPG,0
2/TRAIN035977.JPG,0
5/TRAIN089104.JPG,0
4/TRAIN072287.JPG,0
1/TRAIN033207.JPG,1
3/TRAIN068466.JPG,1
3/TRAIN064863.JPG,1
3/TRAIN055573.JPG,0
2/TRAIN041125.JPG,0
1/TRAIN026437.JPG,0
0/TRAIN000573.JPG,0
3/TRAIN058262.JPG,1
3/TRAIN069170.JPG,0
1/TRAIN025903.JPG,0
3/TRAIN057849.JPG,0
0/TRAIN007979.JPG,1
1/TRAIN023315.JPG,1
5/TRAIN100176.JPG,1
5/TRAIN093899.JPG,1
5/TRAIN097580.JPG,0
0/TRAIN012830.JPG,0
0/TRAIN015183.JPG,0
1/TRAIN021644.JPG,0
2/TRAIN042952.JPG,0
4/TRAIN070402.JPG,0
1/TRAIN025863.JPG,0
3/TRAIN057681.JPG,0
4/TRAIN080197.JPG,1
5/TRAIN093314.JPG,1
0/TRAIN014420.JPG,1
1/TRAIN018705.JPG,0
4/TRAIN079917.JPG,1
1/TRAIN019701.JPG,1
5/TRAIN092334.JPG,0
0/TRAIN009976.JPG,0
5/TRAIN094443.JPG,1
2/TRAIN049432.JPG,1
0/TRAIN014721.JPG,1
1/TRAIN023732.JPG,1
2/TRAIN043257.JPG,0
0/TRAIN015394.JPG,0
5/TRAIN087581.JPG,1
4/TRAIN086441.JPG,1
0/TRAIN001212.JPG,1
0/TRAIN008915.JPG,0
1/TRAIN024009.JPG,1
4/TRAIN071276.JPG,0
2/TRAIN051542.JPG,0
3/TRAIN064024.JPG,0
3/TRAIN064137.JPG,1
0/TRAIN015342.JPG,1
0/TRAIN003163.JPG,1
0/TRAIN010225.JPG,1
0/TRAIN008408.JPG,0
3/TRAIN066366.JPG,1
2/TRAIN045508.JPG,1
0/TRAIN003379.JPG,0
0/TRAIN002686.JPG,1
4/TRAIN086899.JPG,0
2/TRAIN037974.JPG,0
2/TRAIN051565.JPG,0
1/TRAIN025115.JPG,1
2/TRAIN036808.JPG,1
3/TRAIN062644.JPG,0
3/TRAIN058521.JPG,1
4/TRAIN083469.JPG,1
0/TRAIN006183.JPG,0
1/TRAIN034747.JPG,0
0/TRAIN006433.JPG,0
0/TRAIN006533.JPG,1
3/TRAIN055914.JPG,1
4/TRAIN081257.JPG,0
4/TRAIN075675.JPG,0
3/TRAIN062606.JPG,1
1/TRAIN020798.JPG,1
2/TRAIN040037.JPG,0
5/TRAIN090883.JPG,0
3/TRAIN065043.JPG,0
4/TRAIN078200.JPG,0
5/TRAIN097783.JPG,1
0/TRAIN015321.JPG,0
1/TRAIN027536.JPG,0
0/TRAIN013454.JPG,1
5/TRAIN093175.JPG,0
5/TRAIN091299.JPG,1
2/TRAIN044818.JPG,0
2/TRAIN044254.JPG,1
0/TRAIN013319.JPG,1
2/TRAIN052006.JPG,1
3/TRAIN053811.JPG,0
4/TRAIN086882.JPG,0
0/TRAIN008325.JPG,1
2/TRAIN043657.JPG,1
4/TRAIN079628.JPG,0
3/TRAIN062153.JPG,0
3/TRAIN063401.JPG,0
1/TRAIN033316.JPG,1
0/TRAIN002261.JPG,0
4/TRAIN076267.JPG,0
2/TRAIN044700.JPG,0
1/TRAIN023898.JPG,1
1/TRAIN031472.JPG,0
5/TRAIN091289.JPG,1
2/TRAIN040060.JPG,1
0/TRAIN007117.JPG,0
1/TRAIN026767.JPG,1
1/TRAIN021429.JPG,1
1/TRAIN026567.JPG,1
5/TRAIN100288.JPG,1
1/TRAIN022188.JPG,0
0/TRAIN005913.JPG,0
5/TRAIN088844.JPG,0
4/TRAIN069712.JPG,1
2/TRAIN047286.JPG,0
4/TRAIN078216.JPG,0
2/TRAIN042079.JPG,1
5/TRAIN089477.JPG,0
0/TRAIN016145.JPG,1
5/TRAIN091841.JPG,1
1/TRAIN032066.JPG,1
4/TRAIN072688.JPG,0
4/TRAIN084336.JPG,0
2/TRAIN052158.JPG,1
2/TRAIN042948.JPG,0
3/TRAIN069173.JPG,1
2/TRAIN046043.JPG,0
3/TRAIN060334.JPG,1
3/TRAIN068334.JPG,1
0/TRAIN013159.JPG,0
2/TRAIN036985.JPG,0
4/TRAIN075160.JPG,0
3/TRAIN060364.JPG,1
1/TRAIN023972.JPG,1
1/TRAIN019614.JPG,0
3/TRAIN063538.JPG,0
4/TRAIN085193.JPG,1
4/TRAIN077558.JPG,1
1/TRAIN025848.JPG,1
1/TRAIN019358.JPG,0
3/TRAIN067916.JPG,0
4/TRAIN081655.JPG,1
3/TRAIN059941.JPG,0
4/TRAIN083911.JPG,1
1/TRAIN031021.JPG,1
1/TRAIN029527.JPG,1
4/TRAIN081771.JPG,0
2/TRAIN049032.JPG,1
4/TRAIN071449.JPG,1
3/TRAIN053111.JPG,0
1/TRAIN023224.JPG,0
3/TRAIN060656.JPG,1
2/TRAIN041557.JPG,0
1/TRAIN030997.JPG,1
0/TRAIN015773.JPG,1
0/TRAIN003733.JPG,0
4/TRAIN075506.JPG,0
0/TRAIN013225.JPG,0
4/TRAIN077331.JPG,0
4/TRAIN075698.JPG,0
0/TRAIN003508.JPG,1
3/TRAIN054266.JPG,1
3/TRAIN057862.JPG,0
3/TRAIN060821.JPG,0
3/TRAIN058341.JPG,0
0/TRAIN014857.JPG,1
0/TRAIN014754.JPG,0
3/TRAIN065492.JPG,1
1/TRAIN027355.JPG,1
0/TRAIN007295.JPG,1
1/TRAIN019195.JPG,0
0/TRAIN002238.JPG,1
2/TRAIN041011.JPG,1
1/TRAIN032540.JPG,0
0/TRAIN012992.JPG,0
2/TRAIN039976.JPG,1
0/TRAIN014898.JPG,1
3/TRAIN068617.JPG,0
0/TRAIN009974.JPG,1
0/TRAIN014467.JPG,1
0/TRAIN013321.JPG,0
4/TRAIN072941.JPG,1
1/TRAIN030531.JPG,0
3/TRAIN058551.JPG,1
3/TRAIN053700.JPG,0
3/TRAIN064292.JPG,1
3/TRAIN056814.JPG,1
4/TRAIN075587.JPG,1
3/TRAIN056934.JPG,1
2/TRAIN049197.JPG,0
1/TRAIN028361.JPG,1
2/TRAIN038509.JPG,1
3/TRAIN066480.JPG,0
4/TRAIN083845.JPG,1
0/TRAIN008763.JPG,1
5/TRAIN101396.JPG,0
0/TRAIN005786.JPG,0
5/TRAIN097120.JPG,1
3/TRAIN057344.JPG,0
0/TRAIN011009.JPG,1
0/TRAIN015049.JPG,1
1/TRAIN033578.JPG,1
2/TRAIN041954.JPG,1
0/TRAIN001144.JPG,0
1/TRAIN029677.JPG,0
5/TRAIN096834.JPG,0
4/TRAIN084852.JPG,0
2/TRAIN047038.JPG,1
4/TRAIN080687.JPG,0
0/TRAIN002779.JPG,0
5/TRAIN096692.JPG,0
2/TRAIN036490.JPG,0
1/TRAIN023166.JPG,1
2/TRAIN044035.JPG,0
2/TRAIN045131.JPG,1
3/TRAIN055382.JPG,0
3/TRAIN055951.JPG,0
0/TRAIN005818.JPG,1
5/TRAIN095839.JPG,1
0/TRAIN011966.JPG,0
5/TRAIN092821.JPG,1
0/TRAIN009172.JPG,1
1/TRAIN031231.JPG,1
5/TRAIN093145.JPG,1
0/TRAIN007129.JPG,1
5/TRAIN098507.JPG,0
4/TRAIN075884.JPG,0
3/TRAIN053073.JPG,0
2/TRAIN047623.JPG,1
4/TRAIN069676.JPG,1
0/TRAIN011946.JPG,0
0/TRAIN014546.JPG,0
4/TRAIN074445.JPG,0
3/TRAIN066144.JPG,0
5/TRAIN096088.JPG,1
3/TRAIN064268.JPG,0
2/TRAIN044386.JPG,0
1/TRAIN034001.JPG,1
2/TRAIN048168.JPG,1
2/TRAIN035911.JPG,1
1/TRAIN031660.JPG,0
1/TRAIN028244.JPG,0
3/TRAIN067891.JPG,1
2/TRAIN047505.JPG,1
5/TRAIN099818.JPG,0
5/TRAIN094885.JPG,1
0/TRAIN012143.JPG,1
2/TRAIN038508.JPG,1
0/TRAIN007379.JPG,0
5/TRAIN091954.JPG,1
5/TRAIN100391.JPG,1
3/TRAIN066041.JPG,0
2/TRAIN037225.JPG,1
1/TRAIN017632.JPG,1
1/TRAIN017984.JPG,0
1/TRAIN027733.JPG,1
0/TRAIN009238.JPG,1
0/TRAIN009035.JPG,0
5/TRAIN095595.JPG,0
0/TRAIN000329.JPG,1
3/TRAIN065229.JPG,1
1/TRAIN030110.JPG,1
3/TRAIN062696.JPG,0
2/TRAIN037812.JPG,0
2/TRAIN050372.JPG,0
0/TRAIN007187.JPG,0
1/TRAIN030442.JPG,0
5/TRAIN092486.JPG,0
5/TRAIN100377.JPG,0
2/TRAIN035940.JPG,1
0/TRAIN015877.JPG,0
4/TRAIN079325.JPG,1
0/TRAIN015147.JPG,1
4/TRAIN071806.JPG,0
5/TRAIN095762.JPG,0
0/TRAIN014837.JPG,0
2/TRAIN047091.JPG,1
4/TRAIN076896.JPG,0
1/TRAIN029026.JPG,1
1/TRAIN033802.JPG,1
3/TRAIN067716.JPG,0
3/TRAIN062827.JPG,0
3/TRAIN055063.JPG,1
3/TRAIN057691.JPG,1
1/TRAIN018864.JPG,0
3/TRAIN061607.JPG,0
2/TRAIN043157.JPG,1
3/TRAIN064761.JPG,1
0/TRAIN004270.JPG,1
0/TRAIN009271.JPG,0
1/TRAIN017567.JPG,1
1/TRAIN023794.JPG,0
0/TRAIN003790.JPG,1
5/TRAIN092323.JPG,1
4/TRAIN078160.JPG,0
4/TRAIN070365.JPG,1
1/TRAIN024322.JPG,1
5/TRAIN099837.JPG,1
4/TRAIN084011.JPG,0
0/TRAIN013200.JPG,0
1/TRAIN028513.JPG,0
5/TRAIN094997.JPG,0
2/TRAIN048763.JPG,1
5/TRAIN090937.JPG,0
1/TRAIN031806.JPG,0
1/TRAIN020968.JPG,0
2/TRAIN036553.JPG,1
3/TRAIN065039.JPG,1
3/TRAIN061075.JPG,0
5/TRAIN101363.JPG,1
2/TRAIN046451.JPG,1
2/TRAIN036252.JPG,1
0/TRAIN014044.JPG,0
1/TRAIN028368.JPG,1
3/TRAIN057941.JPG,1
2/TRAIN036468.JPG,0
2/TRAIN049658.JPG,1
4/TRAIN079866.JPG,1
1/TRAIN031946.JPG,1
2/TRAIN040884.JPG,0
0/TRAIN016001.JPG,0
3/TRAIN062805.JPG,0
1/TRAIN020313.JPG,1
3/TRAIN054353.JPG,0
0/TRAIN013022.JPG,1
4/TRAIN073451.JPG,1
0/TRAIN007400.JPG,1
1/TRAIN024572.JPG,0
5/TRAIN096737.JPG,0
4/TRAIN076019.JPG,1
3/TRAIN057368.JPG,0
2/TRAIN045042.JPG,1
4/TRAIN080123.JPG,0
3/TRAIN066668.JPG,1
4/TRAIN071700.JPG,1
0/TRAIN006190.JPG,1
1/TRAIN018393.JPG,1
0/TRAIN005339.JPG,0
3/TRAIN056609.JPG,1
5/TRAIN090263.JPG,1
3/TRAIN067968.JPG,0
1/TRAIN029578.JPG,1
0/TRAIN008804.JPG,1
0/TRAIN012055.JPG,0
2/TRAIN047785.JPG,1
3/TRAIN066235.JPG,0
1/TRAIN027475.JPG,1
1/TRAIN027426.JPG,1
4/TRAIN081162.JPG,0
0/TRAIN010781.JPG,1
4/TRAIN079038.JPG,1
2/TRAIN045808.JPG,1
1/TRAIN026042.JPG,1
0/TRAIN009750.JPG,1
2/TRAIN052103.JPG,0
3/TRAIN058553.JPG,1
2/TRAIN045883.JPG,0
1/TRAIN025347.JPG,0
3/TRAIN058632.JPG,0
0/TRAIN001650.JPG,0
2/TRAIN035347.JPG,1
0/TRAIN002426.JPG,1
3/TRAIN053778.JPG,1
1/TRAIN024359.JPG,1
2/TRAIN041171.JPG,0
2/TRAIN044547.JPG,1
2/TRAIN040944.JPG,1
4/TRAIN073042.JPG,1
2/TRAIN047237.JPG,1
1/TRAIN029762.JPG,1
5/TRAIN088158.JPG,1
1/TRAIN026132.JPG,1
3/TRAIN055387.JPG,1
4/TRAIN076647.JPG,1
5/TRAIN088986.JPG,0
0/TRAIN010461.JPG,0
3/TRAIN056867.JPG,1
2/TRAIN038082.JPG,0
3/TRAIN053179.JPG,1
5/TRAIN090760.JPG,1
2/TRAIN049699.JPG,0
1/TRAIN024986.JPG,0
1/TRAIN017845.JPG,1
1/TRAIN026413.JPG,1
0/TRAIN007220.JPG,1
2/TRAIN034993.JPG,1
0/TRAIN016351.JPG,1
4/TRAIN078382.JPG,0
0/TRAIN010875.JPG,0
1/TRAIN025584.JPG,0
3/TRAIN059813.JPG,0
0/TRAIN016542.JPG,1
2/TRAIN045209.JPG,1
3/TRAIN057912.JPG,1
0/TRAIN014167.JPG,1
1/TRAIN024570.JPG,1
1/TRAIN019964.JPG,0
3/TRAIN056580.JPG,0
0/TRAIN016585.JPG,0
1/TRAIN020110.JPG,0
1/TRAIN025782.JPG,0
3/TRAIN057808.JPG,1
3/TRAIN058825.JPG,0
1/TRAIN023628.JPG,1
5/TRAIN093359.JPG,0
5/TRAIN100381.JPG,0
5/TRAIN098568.JPG,1
2/TRAIN035338.JPG,0
0/TRAIN009528.JPG,1
4/TRAIN073269.JPG,1
3/TRAIN064446.JPG,0
3/TRAIN052579.JPG,0
3/TRAIN065615.JPG,1
0/TRAIN000225.JPG,1
3/TRAIN056312.JPG,0
4/TRAIN087000.JPG,1
5/TRAIN088650.JPG,1
3/TRAIN063274.JPG,1
3/TRAIN064227.JPG,1
2/TRAIN048544.JPG,0
2/TRAIN045941.JPG,1
3/TRAIN061526.JPG,1
3/TRAIN052281.JPG,0
1/TRAIN018374.JPG,0
2/TRAIN040100.JPG,0
3/TRAIN059986.JPG,1
0/TRAIN004740.JPG,0
5/TRAIN092142.JPG,1
1/TRAIN032032.JPG,0
5/TRAIN092837.JPG,0
0/TRAIN015945.JPG,0
2/TRAIN037196.JPG,0
1/TRAIN032818.JPG,0
2/TRAIN036770.JPG,1
2/TRAIN041599.JPG,1
2/TRAIN039294.JPG,1
1/TRAIN029079.JPG,1
0/TRAIN015597.JPG,1
1/TRAIN020643.JPG,0
2/TRAIN039946.JPG,0
4/TRAIN076471.JPG,1
3/TRAIN057325.JPG,0
1/TRAIN025767.JPG,0
5/TRAIN092541.JPG,0
1/TRAIN034024.JPG,0
1/TRAIN023042.JPG,1
4/TRAIN072552.JPG,0
4/TRAIN075568.JPG,0
3/TRAIN066135.JPG,1
1/TRAIN033726.JPG,1
3/TRAIN065268.JPG,1
4/TRAIN073952.JPG,0
0/TRAIN006623.JPG,1
